{"0": [-600.0, 7.347880794884119e-14], "1": [-597.8384931255159, -50.883554685305555], "2": [-591.369546208625, -101.4004921931096], "3": [-580.6397681600994, -151.18683683107486], "4": [-565.7264672766505, -199.8838768452344], "5": [-546.7370942328814, -247.14074894639555], "6": [-523.8084678967128, -292.6169662881808], "7": [-497.1057895463052, -335.9848716825574], "8": [-466.82145259106386, -376.93199837738524], "9": [-433.1736563727148, -415.1633213865276], "10": [-396.4048340340489, -450.4033831516346], "11": [-356.77990578257186, -482.3982782201644], "12": [-314.58437013433877, -510.91748263998693], "13": [-270.1222468906042, -535.755514889741], "14": [-223.71388666818524, -556.7334163779055], "15": [-175.69366276593018, -573.7000408435506], "16": [-126.40756199743618, -586.5331433686116], "17": [-76.210691848127, -595.1402611553261], "18": [-25.464721917689147, -599.4593797228089], "19": [25.46472191768893, -599.4593797228089], "20": [76.21069184812731, -595.1402611553261], "21": [126.40756199743596, -586.5331433686117], "22": [175.69366276593, -573.7000408435506], "23": [223.71388666818504, -556.7334163779057], "24": [270.12224689060395, -535.7555148897411], "25": [314.58437013433905, -510.9174826399867], "26": [356.7799057825717, -482.3982782201645], "27": [396.4048340340487, -450.4033831516347], "28": [433.173656372715, -415.1633213865274], "29": [466.8214525910637, -376.93199837738536], "30": [497.10578954630506, -335.9848716825576], "31": [523.8084678967131, -292.61696628818055], "32": [546.7370942328813, -247.14074894639577], "33": [565.7264672766505, -199.8838768452346], "34": [580.6397681600994, -151.18683683107508], "35": [591.369546208625, -101.40049219310981], "36": [597.8384931255158, -50.883554685305775], "37": [600.0, 0.0], "38": [597.8384931255159, 50.88355468530551], "39": [591.369546208625, 101.40049219310944], "40": [580.6397681600994, 151.1868368310751], "41": [565.7264672766505, 199.88387684523454], "42": [546.7370942328814, 247.14074894639555], "43": [523.8084678967128, 292.6169662881807], "44": [497.1057895463053, 335.9848716825572], "45": [466.8214525910637, 376.93199837738536], "46": [433.17365637271473, 415.1633213865276], "47": [396.4048340340489, 450.4033831516346], "48": [356.779905782572, 482.3982782201644], "49": [314.584370134339, 510.91748263998676], "50": [270.12224689060395, 535.7555148897411], "51": [223.71388666818518, 556.7334163779057], "52": [175.69366276593027, 573.7000408435506], "53": [126.40756199743585, 586.5331433686117], "54": [76.21069184812718, 595.1402611553261], "55": [25.464721917689076, 599.4593797228089], "56": [-25.464721917689, 599.4593797228089], "57": [-76.21069184812713, 595.1402611553261], "58": [-126.40756199743576, 586.5331433686117], "59": [-175.69366276593033, 573.7000408435505], "60": [-223.7138866681851, 556.7334163779057], "61": [-270.12224689060406, 535.7555148897411], "62": [-314.5843701343391, 510.9174826399867], "63": [-356.779905782572, 482.39827822016434], "64": [-396.404834034049, 450.40338315163456], "65": [-433.1736563727147, 415.16332138652774], "66": [-466.8214525910638, 376.93199837738536], "67": [-497.10578954630523, 335.98487168255724], "68": [-523.8084678967128, 292.61696628818066], "69": [-546.7370942328813, 247.1407489463957], "70": [-565.7264672766505, 199.88387684523454], "71": [-580.6397681600994, 151.186836831075], "72": [-591.369546208625, 101.40049219310947], "73": [-597.8384931255159, 50.8835546853057]}