{"0": [-522.5, 6.39877952554492e-14], "1": [-520.6176877634701, -44.31109553845359], "2": [-514.9843131566777, -88.30292861816628], "3": [-505.6404647727532, -131.65853707372767], "4": [-492.65346525341647, -174.06554275272495], "5": [-476.1168862278009, -215.21840220748612], "6": [-456.1498741267208, -254.8206081426241], "7": [-432.89629172990743, -292.58682575689375], "8": [-406.52368163138476, -328.24494858697295], "9": [-377.22205909123915, -361.53805904076785], "10": [-345.2025429713176, -392.22627949454846], "11": [-310.6958346189897, -420.0885006167265], "12": [-273.95055565865334, -444.92397446565525], "13": [-235.23145666723445, -466.5537608831495], "14": [-194.8175096402113, -484.8220167624261], "15": [-152.99989799199753, -499.5971189012586], "16": [-110.07991857276733, -510.77261235016596], "17": [-66.36681081774394, -518.2679774227632], "18": [-22.17552866998763, -522.029209841946], "19": [22.175528669987443, -522.0292098419461], "20": [66.3668108177442, -518.2679774227631], "21": [110.07991857276716, -510.772612350166], "22": [152.99989799199736, -499.5971189012587], "23": [194.81750964021114, -484.8220167624262], "24": [235.23145666723428, -466.55376088314955], "25": [273.9505556586536, -444.9239744656551], "26": [310.6958346189895, -420.0885006167266], "27": [345.2025429713174, -392.2262794945486], "28": [377.2220590912393, -361.5380590407676], "29": [406.52368163138465, -328.24494858697307], "30": [432.8962917299073, -292.5868257568939], "31": [456.14987412672093, -254.82060814262388], "32": [476.1168862278008, -215.21840220748632], "33": [492.6534652534164, -174.06554275272515], "34": [505.64046477275315, -131.65853707372787], "35": [514.9843131566776, -88.30292861816646], "36": [520.61768776347, -44.31109553845378], "37": [522.5, 0.0], "38": [520.6176877634701, 44.31109553845355], "39": [514.9843131566777, 88.30292861816613], "40": [505.64046477275315, 131.6585370737279], "41": [492.65346525341647, 174.0655427527251], "42": [476.1168862278009, 215.21840220748612], "43": [456.1498741267208, 254.82060814262405], "44": [432.89629172990755, 292.5868257568936], "45": [406.52368163138465, 328.24494858697307], "46": [377.2220590912391, 361.53805904076785], "47": [345.2025429713176, 392.22627949454846], "48": [310.69583461898975, 420.0885006167265], "49": [273.95055565865357, 444.92397446565514], "50": [235.23145666723428, 466.55376088314955], "51": [194.81750964021126, 484.82201676242613], "52": [152.9998979919976, 499.5971189012586], "53": [110.07991857276706, 510.772612350166], "54": [66.3668108177441, 518.2679774227632], "55": [22.17552866998757, 522.029209841946], "56": [-22.175528669987507, 522.029209841946], "57": [-66.36681081774404, 518.2679774227632], "58": [-110.07991857276699, 510.77261235016607], "59": [-152.99989799199767, 499.59711890125857], "60": [-194.8175096402112, 484.82201676242613], "61": [-235.23145666723434, 466.55376088314955], "62": [-273.9505556586537, 444.9239744656551], "63": [-310.69583461898975, 420.08850061672644], "64": [-345.20254297131765, 392.2262794945484], "65": [-377.22205909123903, 361.5380590407679], "66": [-406.5236816313847, 328.24494858697307], "67": [-432.8962917299075, 292.58682575689363], "68": [-456.1498741267208, 254.82060814262402], "69": [-476.1168862278008, 215.21840220748626], "70": [-492.65346525341647, 174.0655427527251], "71": [-505.64046477275315, 131.6585370737278], "72": [-514.9843131566777, 88.30292861816616], "73": [-520.6176877634701, 44.31109553845371]}