{"0": [-677.5, 8.296982064223318e-14], "1": [-675.0592984875617, -57.456013832157524], "2": [-667.7547792605725, -114.49805576805292], "3": [-655.6390715474456, -170.715136588422], "4": [-638.7994692998845, -225.70221093774384], "5": [-617.3573022379619, -279.063095685305], "6": [-591.4670616667049, -330.4133244337375], "7": [-561.315287362703, -379.3829176082211], "8": [-527.119223550743, -425.6190481677975], "9": [-489.12525365419043, -468.78858373228746], "10": [-447.6071250967802, -508.5804868087207], "11": [-402.8639769461541, -544.7080558236023], "12": [-355.21818461002425, -576.9109908143186], "13": [-305.0130371139739, -604.9572688963326], "14": [-252.61026369615917, -628.644815993385], "15": [-198.38742753986284, -647.8029627858425], "16": [-142.735205422105, -662.2936743870573], "17": [-86.05457287851007, -672.0125448878891], "18": [-28.753915165390662, -676.8895496036716], "19": [28.753915165390417, -676.8895496036718], "20": [86.05457287851041, -672.012544887889], "21": [142.73520542210477, -662.2936743870573], "22": [198.3874275398626, -647.8029627858426], "23": [252.61026369615894, -628.6448159933851], "24": [305.01303711397367, -604.9572688963326], "25": [355.21818461002454, -576.9109908143183], "26": [402.86397694615385, -544.7080558236024], "27": [447.60712509678, -508.5804868087209], "28": [489.12525365419066, -468.7885837322872], "29": [527.1192235507427, -425.61904816779764], "30": [561.3152873627027, -379.3829176082213], "31": [591.4670616667051, -330.41332443373716], "32": [617.3573022379619, -279.0630956853052], "33": [638.7994692998844, -225.70221093774407], "34": [655.6390715474455, -170.71513658842227], "35": [667.7547792605724, -114.49805576805316], "36": [675.0592984875616, -57.45601383215777], "37": [677.5, 0.0], "38": [675.0592984875617, 57.45601383215748], "39": [667.7547792605725, 114.49805576805275], "40": [655.6390715474455, 170.71513658842233], "41": [638.7994692998845, 225.702210937744], "42": [617.3573022379619, 279.063095685305], "43": [591.4670616667049, 330.4133244337374], "44": [561.3152873627031, 379.38291760822085], "45": [527.1192235507427, 425.61904816779764], "46": [489.1252536541904, 468.78858373228746], "47": [447.6071250967802, 508.5804868087207], "48": [402.86397694615414, 544.7080558236023], "49": [355.2181846100245, 576.9109908143184], "50": [305.01303711397367, 604.9572688963326], "51": [252.61026369615908, 628.6448159933851], "52": [198.38742753986293, 647.8029627858425], "53": [142.73520542210466, 662.2936743870573], "54": [86.05457287851029, 672.0125448878891], "55": [28.753915165390584, 676.8895496036716], "56": [-28.7539151653905, 676.8895496036716], "57": [-86.05457287851021, 672.0125448878891], "58": [-142.73520542210454, 662.2936743870574], "59": [-198.38742753986298, 647.8029627858424], "60": [-252.61026369615902, 628.6448159933851], "61": [-305.0130371139737, 604.9572688963326], "62": [-355.2181846100246, 576.9109908143183], "63": [-402.86397694615414, 544.7080558236022], "64": [-447.6071250967803, 508.58048680872065], "65": [-489.1252536541903, 468.7885837322875], "66": [-527.1192235507428, 425.61904816779764], "67": [-561.315287362703, 379.3829176082209], "68": [-591.4670616667049, 330.4133244337374], "69": [-617.3573022379619, 279.06309568530514], "70": [-638.7994692998845, 225.702210937744], "71": [-655.6390715474455, 170.7151365884222], "72": [-667.7547792605725, 114.49805576805278], "73": [-675.0592984875617, 57.45601383215769]}